<MigrationProcessCSVMetadataVO>
   <MigrationProcessCSVMetadataVORow>
      <ProcessId>-999</ProcessId>
      <ProcessName>Manage Supply Chain Collaboration Settings_20240315_044716_696</ProcessName>
      <ProcessDescription>Manage Supply Chain Collaboration Settings_20240315_044716_696</ProcessDescription>
      <ProcessDate>2024-03-15 16:47:54.544</ProcessDate>
      <ObjectShortName>ORA_VCS_CONFIG_SETTINGS</ObjectShortName>
      <ObjectType>TASK</ObjectType>
      <CreatedByFlow>TASK_CSV_SERVICE</CreatedByFlow>
      <MigrationProcessBusinessObjectCSVMetadata1>
         <MigrationProcessBusinessObjectCSVMetadataVORow>
            <ProcessId>-999</ProcessId>
            <BusinessObjectShortName>ORA_VCS_CONFIG_SETTINGS_BO</BusinessObjectShortName>
            <BatchName null="true"/>
            <XmlAttributeList>ConfigParameterCode,ConfigParameterValue</XmlAttributeList>
            <XmlAttributeTypeList>string,string</XmlAttributeTypeList>
            <XmlNodePath>/ConfigParametersMigratorVO/ConfigParametersMigratorVORow</XmlNodePath>
            <NodeSequence>1</NodeSequence>
         </MigrationProcessBusinessObjectCSVMetadataVORow>
      </MigrationProcessBusinessObjectCSVMetadata1>
      <MigrationProcessBatchCSVMetadata null="true"/>
      <MigrationProcessScopeValueCSVMetadata null="true"/>
      <MigrationProcessMigrationObjectCSVMetadata>
         <MigrationProcessMigrationObjectCSVMetadataVORow>
            <ProcessId>-999</ProcessId>
            <BusinessObjectShortName>ORA_VCS_CONFIG_SETTINGS_BO</BusinessObjectShortName>
            <MigrateFlag>Y</MigrateFlag>
            <IncludeExternalDataFlag>Y</IncludeExternalDataFlag>
         </MigrationProcessMigrationObjectCSVMetadataVORow>
      </MigrationProcessMigrationObjectCSVMetadata>
      <MigrationProcessTaskCSVMetadata null="true"/>
      <MigrationProcessServiceVersionCSVMetadata null="true"/>
   </MigrationProcessCSVMetadataVORow>
</MigrationProcessCSVMetadataVO>