"ConfigParameterCode","ConfigParameterValue"
"CREATE_MISSING_AGGREGATED_FORECAST_BUCKETS","N"
"ORA_VCS_SP_DWNLD_COMMIT_QTY","-1"
"ORA_VCS_SP_DWNLD_COMMIT_QTY_LCK_FLAG","N"
"ORA_VCS_SP_DWNLD_HORIZON","ORA_VCS_CP_DL_FORECAST"
"ORA_VCS_SP_DWNLD_HORIZON_LCK_FLAG","N"
"ORA_VCS_SP_DWNLD_MEASURES","ORA_VCS_PO,ORA_VCS_PR,ORA_VCS_IN_TRANSIT,ORA_VCS_IN_RECEIVING"
"ORA_VCS_SP_DWNLD_MEASURES_LCK_FLAG","N"
"ORA_VCS_SP_DWNLD_TIME_AGGR_LEVEL","ORA_VCS_CP_AGGR_DAY"
"ORA_VCS_SP_DWNLD_TIME_AGGR_LEVEL_LCK_FLAG","N"
"ORA_VCS_SP_DWNLD_VIEW_TYPE","ORA_VCS_CP_DL_VERTICAL"
"ORA_VCS_SP_DWNLD_VIEW_TYPE_LCK_FLAG","N"
"ALLOW_FULL_DATA_ACCESS","Y"
"ENABLE_ACCESS_DATA_SECURITY","Y"
"FORECAST_DOWNLOAD_ONLINE_LIMIT","250"
"UNMANAGED_PUBLISH_CYCLE","15"
"ENABLE_EXTERNAL_COLLAB_SOURCE_SYSTEM","Y"
"ORA_VCS_DEFAULT_CATALOG_EXTERNAL","10150"
"SUPPLY_PLANNING_COMMITS_INTERFACE_DATA_RETENTION_DAYS","30"
"SUPPLY_PLANNING_FORECASTS_INTERFACE_DATA_RETENTION_DAYS","30"
"SUPPLY_PLANNING_UPLOAD_FILE_RETENTION_DAYS","30"
"VMI_MIN_MAX_UPLOAD_FILE_RETENTION_DAYS","30"
"VMI_REP_REQUESTS_UPLOAD_FILE_RETENTION_DAYS","30"
"COLLAB_BOUNDARY_DAYS","9999"
"COLLAB_BOUNDARY_TYPE","ORA_VCS_BOUNDARY_DAYS"
"MARK_REP_REQUESTS_AS_DELIVERED_SCHEDULE","24"
"VMI_ALLOW_FULL_DATA_ACCESS","Y"
"VMI_DEFAULT_REQUISITION_REQUESTER","camille.fredricks_esds-dev9@oraclepdemos.com"
"VMI_ENABLE_ACCESS_DATA_SECURITY","N"
"PURGE_VMI_REL_INT_SCHEDULE","7"
"VMI_ITEMS_UPPER_LIMIT","100000"
"ORA_VCS_CM_INITIATE_SUPPLY_DATA_ESS_JOB","Y"
"SUPPLY_PLANNING_CONVERTED_CANDIDATES_RETENTION_DAYS","7"
"SUPPLY_PLANNING_DATA_REQUESTS_RETENTION_DAYS","10"
"SUPPLY_PLANNING_UNPROCESSED_RETENTION_DAYS","120"
"CUSTOMER_DEMAND_MULTI_EDIT_UPPER_LIMIT","25"
"CUSTOMER_DEMAND_MULTI_DELETE_UPPER_LIMIT","25"
"CUSTOMER_DEMAND_MULTI_DOWNLOAD_UPPER_LIMIT","250"
"SHOW_ENTERPRISE_USERNAMES_SUPPLIER_PORTAL_SC","N"
"SHOW_ENTERPRISE_USERNAMES_SUPPLIER_PORTAL_VMI","N"
"SHOW_ENTERPRISE_ON_HAND_QUANTITIES_SUPPLIER_PORTAL_SC","Y"
"SHOW_PURCHASE_ORDERS_SUPPLIER_PORTAL_SC","Y"
"ORA_VCS_SP_EXCLD_UNPUB_ZERO_QTYS","N"
"ORA_VCS_SP_CSV_DELIMITER","ORA_VCS_COMMA"
"ORA_VCS_SP_CSV_NUMBER_FORMATTING","ORA_VCS_DECIMAL_NO_THOUS_SEP"
"ORA_VCS_UPDATE_EXT_ORG_ON_HAND","Y"
"ORA_VCS_VMI_CSV_DELIMITER","ORA_VCS_COMMA"
"ORA_VCS_VMI_CSV_NUMBER_FORMATTING","ORA_VCS_DECIMAL_NO_THOUS_SEP"
"SP_DETAILS_UPPER_LIMIT","1000000"
"SP_EXCEPTIONS_UPPER_LIMIT","500000"
"SP_FORECASTS_UPPER_LIMIT","100000"
"SP_RELATIONSHIPS_UPPER_LIMIT","200000"
"SP_UNPROCESSED_FORECASTS_UPPER_LIMIT","100000"
"VMI_REPL_REQ_UPPER_LIMIT","5000"
"CUSTOMER_DEMAND_DEFAULT_HISTORY","0"
"CUSTOMER_DEMAND_DEFAULT_HORIZON","550"
"CUSTOMER_DEMAND_INTERFACE_RETENTION_DAYS","10"
"UPLOAD_CUSTOMER_DEMAND_FILE_RETENTION_DAYS","14"
"ORA_VCS_SCC_SCP_MEASURE_MAPPING","Y"
"PURGE_DELETED_COLLAB_DOCS_SCP_SCHEDULE","12"
"SHOW_ADDL_INFO_FIELDS","N"
"SUPPLY_PLANNING_PREVIOUS_FORECAST_RETENTION_DAYS","1825"
"FORECAST_DL_HORIZONTAL_DAYS_UPPER_LIMIT","90"
"DEFAULT_COMMIT_HORIZON","730"
"DEFAULT_FORECAST_HORIZON","730"
"ORA_VCS_SP_DWNLD_REF_NUMBERS","N"
"SHOW_ADDL_INFO_FIELDS_SP","N"
"SHOW_REASON_CODES","N"
"ORA_VCS_SP_DWNLD_REF_NUMBERS_LCK_FLAG","N"
"ENABLE_SUPPLY_COLLABORATION_NOTES","N"
"ORA_VCS_SP_CONTROL_B2B_PUBLISH","N"
"ORA_MSC_BP_DEFAULT_VOLUME_UOM","-1"
"ORA_MSC_BP_DEFAULT_WEIGHT_UOM","-1"
